iteration,approx_runtime,Simple,Unadjusted,LastError
0,-30,-0.7518332004547119,-0.7516779899597168,0.0009064674377441406
1,0,0.0018422603607177734,-0.7507340908050537,0.0018496513366699219
2,30,0.004632472991943359,-0.7479419708251953,0.004642009735107422
3,60,0.003916263580322266,-0.7486588954925537,0.003924369812011719
4,90,0.004639387130737305,-0.7479352951049805,0.004647970199584961
5,120,0.0026617050170898438,-0.7499127388000488,0.0026705265045166016
6,150,0.0043680667877197266,-0.748206615447998,0.004376888275146484
7,180,0.0018126964569091797,-0.7507641315460205,0.0018186569213867188
8,210,0.005613088607788086,-0.7469637393951416,0.005619049072265625
9,240,0.00583958625793457,-0.7467372417449951,0.005845546722412109
10,270,0.008457422256469727,-0.744114875793457,0.008469581604003906
11,300,0.008385896682739258,-0.7441890239715576,0.008394718170166016
12,330,0.00871586799621582,-0.7438585758209229,0.008725166320800781
13,360,0.00952458381652832,-0.7430500984191895,0.009533166885375977
14,390,0.010914325714111328,-0.7416601181030273,0.010922908782958984
15,420,0.011420488357543945,-0.7411539554595947,0.011429309844970703
16,450,0.01187586784362793,-0.7406995296478271,0.011883974075317383
17,480,0.011268138885498047,-0.7413067817687988,0.011276721954345703
18,510,0.01147913932800293,-0.741096019744873,0.011487245559692383
19,540,0.01213383674621582,-0.7404403686523438,0.012143373489379883
20,570,0.009523868560791016,-0.743051290512085,0.009531736373901367
21,600,0.013606548309326172,-0.7389683723449707,0.013614892959594727
22,630,0.014904260635375977,-0.7376706600189209,0.01491236686706543
23,660,0.014771699905395508,-0.7378039360046387,0.014779090881347656
24,690,0.015952348709106445,-0.7366228103637695,0.0159604549407959
25,720,0.016314029693603516,-0.7362613677978516,0.01632213592529297
26,750,0.017355680465698242,-0.7352197170257568,0.017364025115966797
27,780,0.01729440689086914,-0.7352805137634277,0.017302751541137695
28,810,0.01633000373840332,-0.7362442016601562,0.01633906364440918
29,840,0.01904916763305664,-0.7335257530212402,0.019057512283325195
30,870,-0.00017595291137695312,-0.7335093021392822,-0.0003173351287841797
31,900,-0.0020380020141601562,-0.7353646755218506,-0.002817869186401367
32,930,0.0007648468017578125,-0.7325670719146729,-0.0006642341613769531
33,960,-0.0002377033233642578,-0.733569860458374,-0.0023097991943359375
34,990,-0.0015919208526611328,-0.7349240779876709,-0.0043065547943115234
35,1020,-0.002186298370361328,-0.7355172634124756,-0.005542755126953125
36,1050,-0.0011436939239501953,-0.73447585105896,-0.0051441192626953125
37,1080,0.0013356208801269531,-0.7319960594177246,-0.0033075809478759766
38,1110,0.003798246383666992,-0.7295138835906982,-0.001493215560913086
39,1140,0.004280567169189453,-0.7290511131286621,-0.0017085075378417969
40,1170,0.004922151565551758,-0.7284095287322998,-0.0017113685607910156
41,1200,0.00596928596496582,-0.7273461818695068,-0.0013165473937988281
42,1230,0.006093740463256836,-0.7272377014160156,-0.0018558502197265625
43,1260,0.0060596466064453125,-0.7272717952728271,-0.002532958984375
44,1290,0.00414586067199707,-0.7291858196258545,-0.005090236663818359
45,1320,0.005317211151123047,-0.7279927730560303,-0.004565000534057617
46,1350,0.006604909896850586,-0.7267086505889893,-0.003954172134399414
47,1380,0.008746147155761719,-0.7245850563049316,-0.0025098323822021484
48,1410,0.00868082046508789,-0.724635124206543,-0.00322723388671875
49,1440,0.007361888885498047,-0.7259509563446045,-0.0052165985107421875
50,1470,0.009432315826416016,-0.723884105682373,-0.0038232803344726562
51,1500,0.009307146072387695,-0.7240242958068848,-0.00461268424987793
52,1530,0.00946950912475586,-0.7238404750823975,-0.005096435546875
53,1560,0.011759757995605469,-0.7215714454650879,-0.0034759044647216797
54,1590,0.01217031478881836,-0.7211613655090332,-0.0037088394165039062
55,1620,0.012914180755615234,-0.7204177379608154,-0.0036382675170898438
56,1650,0.01276707649230957,-0.7205634117126465,-0.004427194595336914
57,1680,0.012183189392089844,-0.7211484909057617,-0.005655765533447266
58,1710,0.013652801513671875,-0.7196784019470215,-0.004828214645385742
59,1740,0.014020919799804688,-0.7193102836608887,-0.005132913589477539
60,1770,0.0009949207305908203,-0.718428373336792,0.0005846023559570312
61,1800,0.001981973648071289,-0.7174396514892578,0.0011096000671386719
62,1830,0.0003905296325683594,-0.7190310955047607,-0.0009462833404541016
63,1860,0.002383708953857422,-0.7170381546020508,0.0005815029144287109
64,1890,0.0028715133666992188,-0.7165391445159912,0.0005981922149658203
65,1920,0.002275228500366211,-0.7171478271484375,-0.0004794597625732422
66,1950,0.0018324851989746094,-0.7175896167755127,-0.0013861656188964844
67,1980,0.004067897796630859,-0.715355396270752,0.00038313865661621094
68,2010,0.0029289722442626953,-0.7164938449859619,-0.0012199878692626953
69,2040,0.0058400630950927734,-0.7135622501373291,0.0012309551239013672
70,2070,0.005383491516113281,-0.7140395641326904,0.0002830028533935547
71,2100,0.006555080413818359,-0.712867021560669,0.0009908676147460938
72,2130,0.007311344146728516,-0.7121107578277588,0.0012824535369873047
73,2160,0.0062024593353271484,-0.713219404220581,-0.0002911090850830078
74,2190,0.0075016021728515625,-0.7119207382202148,0.0005428791046142578
75,2220,0.008139610290527344,-0.7112836837768555,0.0007152557373046875
76,2250,0.008465766906738281,-0.7109570503234863,0.0005776882171630859
77,2280,0.009998559951782227,-0.7094216346740723,0.0016274452209472656
78,2310,0.009696006774902344,-0.7097268104553223,0.0008571147918701172
79,2340,0.011305809020996094,-0.7081170082092285,0.0020024776458740234
80,2370,0.012093067169189453,-0.7073285579681396,0.002325773239135742
81,2400,0.010694503784179688,-0.708728551864624,0.000461578369140625
82,2430,0.009772539138793945,-0.7096507549285889,-0.0009253025054931641
83,2460,0.01156759262084961,-0.7078554630279541,0.0004055500030517578
84,2490,0.013650894165039062,-0.705773115158081,0.0020232200622558594
85,2520,0.01291036605834961,-0.7064955234527588,0.000820159912109375
86,2550,0.012993812561035156,-0.7064297199249268,0.0004153251647949219
87,2580,0.013252019882202148,-0.7061707973480225,0.00021028518676757812
88,2610,0.017307043075561523,-0.7021164894104004,0.0038001537322998047
89,2640,-8.869171142578125e-05,-0.7047147750854492,-0.000171661376953125
90,2670,6.079673767089844e-05,-0.704566240310669,-0.0005402565002441406
91,2700,-8.821487426757812e-06,-0.7046351432800293,-0.0011043548583984375
92,2730,0.002206563949584961,-0.7024130821228027,0.0006248950958251953
93,2760,0.0017805099487304688,-0.70284104347229,-0.0003209114074707031
94,2790,0.0008738040924072266,-0.7037534713745117,-0.0017294883728027344
95,2820,0.0026819705963134766,-0.7019450664520264,-0.0004382133483886719
96,2850,0.004575252532958984,-0.7000489234924316,0.0009400844573974609
97,2880,0.004400968551635742,-0.7002248764038086,0.0002460479736328125
98,2910,0.00727391242980957,-0.697350263595581,0.002604246139526367
99,2940,0.008367300033569336,-0.6962578296661377,0.0031778812408447266
100,2970,0.0060520172119140625,-0.698575496673584,0.0003650188446044922
101,3000,0.007836103439331055,-0.6967906951904297,0.0016553401947021484
102,3030,0.007315874099731445,-0.6973059177398682,0.0006468296051025391
103,3060,0.006134748458862305,-0.6984913349151611,-0.0010333061218261719
104,3090,0.010185956954956055,-0.6944408416748047,0.002522706985473633
105,3120,0.009780406951904297,-0.6948459148406982,0.0016009807586669922
106,3150,0.00926518440246582,-0.6953592300415039,0.0005693435668945312
107,3180,0.00968170166015625,-0.6949436664581299,0.0004899501800537109
108,3210,0.013184785842895508,-0.6914420127868652,0.0034749507904052734
109,3240,0.013665914535522461,-0.6909608840942383,0.0034606456756591797
110,3270,0.012775421142578125,-0.6918513774871826,0.002076387405395508
111,3300,0.010998964309692383,-0.693626880645752,-0.00019407272338867188
112,3330,0.01569509506225586,-0.6889321804046631,0.004006862640380859
113,3360,0.015213489532470703,-0.6894123554229736,0.003032684326171875
114,3390,0.014991521835327148,-0.6896347999572754,0.0023162364959716797
115,3420,0.015240907669067383,-0.6893839836120605,0.0020720958709716797
116,3450,0.013382434844970703,-0.6912441253662109,-0.00028228759765625
117,3480,0.014304637908935547,-0.6903164386749268,0.0001537799835205078
118,3510,0.01623368263244629,-0.6883928775787354,0.0015802383422851562
