iteration,approx_runtime,Simple,Unadjusted,UseLastError
0,-30,0.00046563148498535156,-0.6549203395843506,0.0004737377166748047
1,0,0.0017457008361816406,-0.6536397933959961,0.0017552375793457031
2,30,0.0016298294067382812,-0.6537559032440186,0.0016384124755859375
3,60,0.004582643508911133,-0.6508030891418457,0.004591464996337891
4,90,0.004240989685058594,-0.6511454582214355,0.00424957275390625
5,120,0.0045623779296875,-0.6508076190948486,0.004594087600708008
6,150,0.004171133041381836,-0.6512150764465332,0.004179477691650391
7,180,0.0038955211639404297,-0.6514902114868164,0.0039043426513671875
8,210,0.003426790237426758,-0.651958703994751,0.003435373306274414
9,240,0.006930828094482422,-0.6484546661376953,0.006940126419067383
10,270,0.008465051651000977,-0.6469213962554932,0.008472919464111328
11,300,0.00606846809387207,-0.6493163108825684,0.006078481674194336
12,330,0.00922703742980957,-0.6461596488952637,0.00923466682434082
13,360,0.009147405624389648,-0.6462388038635254,0.009155511856079102
14,390,0.007310152053833008,-0.6480746269226074,0.007319927215576172
15,420,0.00895833969116211,-0.6464276313781738,0.008966922760009766
16,450,0.009024381637573242,-0.6463637351989746,0.009030580520629883
17,480,0.012481451034545898,-0.6429047584533691,0.012490034103393555
18,510,0.012267589569091797,-0.6431169509887695,0.012277364730834961
19,540,0.011765480041503906,-0.6436209678649902,0.01177358627319336
20,570,0.0112152099609375,-0.6441707611083984,0.011224508285522461
21,600,0.012568473815917969,-0.642817497253418,0.012577533721923828
22,630,0.01384878158569336,-0.641538143157959,0.013855695724487305
23,660,0.013189554214477539,-0.6421983242034912,0.013196468353271484
24,690,0.014953374862670898,-0.6404345035552979,0.014960289001464844
25,720,0.013711214065551758,-0.6416754722595215,0.013718605041503906
26,750,0.01588892936706543,-0.639498233795166,0.015896320343017578
27,780,0.016164779663085938,-0.6392223834991455,0.016171932220458984
28,810,0.015993595123291016,-0.6393940448760986,0.015999794006347656
29,840,0.01638650894165039,-0.6390001773834229,0.01639413833618164
30,870,-0.0014729499816894531,-0.6407256126403809,-0.0017170906066894531
31,900,-0.0012652873992919922,-0.6405162811279297,-0.0020711421966552734
32,930,0.002846956253051758,-0.6364054679870605,0.0014989376068115234
33,960,0.005083799362182617,-0.6341681480407715,0.0031719207763671875
34,990,0.002680063247680664,-0.6365716457366943,0.0002281665802001953
35,1020,0.0039520263671875,-0.6353006362915039,0.0009603500366210938
36,1050,0.0026543140411376953,-0.6365976333618164,-0.0008761882781982422
37,1080,0.003869295120239258,-0.635383129119873,-0.00020051002502441406
38,1110,0.008054256439208984,-0.6311981678009033,0.003445148468017578
39,1140,0.004647731781005859,-0.6346049308776855,-0.0005257129669189453
40,1170,0.006341457366943359,-0.632910966873169,0.0006284713745117188
41,1200,0.0025975704193115234,-0.6366546154022217,-0.003679037094116211
42,1230,0.007668733596801758,-0.631582498550415,0.0008535385131835938
43,1260,0.007201671600341797,-0.6320502758026123,-0.000179290771484375
44,1290,0.008334875106811523,-0.6309168338775635,0.0004153251647949219
45,1320,0.006249189376831055,-0.6330032348632812,-0.0022356510162353516
46,1350,0.0070133209228515625,-0.6322386264801025,-0.002010345458984375
47,1380,0.009126901626586914,-0.6301255226135254,-0.0004363059997558594
48,1410,0.012428045272827148,-0.6268222332000732,0.0023279190063476562
49,1440,0.010530710220336914,-0.6287193298339844,-0.00010824203491210938
50,1470,0.01263570785522461,-0.6266152858734131,0.00145721435546875
51,1500,0.011991024017333984,-0.6272590160369873,0.0002739429473876953
52,1530,0.013588190078735352,-0.6256625652313232,0.0013318061828613281
53,1560,0.014443635940551758,-0.6248073577880859,0.0016477108001708984
54,1590,0.01270747184753418,-0.6265430450439453,-0.0006260871887207031
55,1620,0.01371908187866211,-0.6255311965942383,-0.00015306472778320312
56,1650,0.015284061431884766,-0.6239655017852783,0.0008740425109863281
57,1680,0.014859914779663086,-0.6243925094604492,-9.250640869140625e-05
58,1710,0.015617847442626953,-0.6236157417297363,0.00012612342834472656
59,1740,0.016859054565429688,-0.6223914623260498,0.0008051395416259766
60,1770,0.01634383201599121,-0.6229062080383301,-0.0002491474151611328
61,1800,0.016959190368652344,-0.6222896575927734,-0.00017118453979492188
62,1830,0.0166168212890625,-0.6226339340209961,-0.0010552406311035156
63,1860,0.020056962966918945,-0.6191754341125488,0.0018448829650878906
64,1890,0.019502639770507812,-0.6197476387023926,0.0007274150848388672
65,1920,0.020514965057373047,-0.6187362670898438,0.001199483871459961
66,1950,0.02115464210510254,-0.6180956363677979,0.0013010501861572266
67,1980,0.02181839942932129,-0.6174314022064209,0.0014264583587646484
68,2010,0.0216677188873291,-0.6175823211669922,0.0007367134094238281
69,2040,0.020216941833496094,-0.6190335750579834,-0.0012531280517578125
70,2070,0.023708820343017578,-0.6155426502227783,0.001697540283203125
71,2100,0.021176815032958984,-0.6180746555328369,-0.0013985633850097656
72,2130,0.02146768569946289,-0.6177840232849121,-0.001672506332397461
73,2160,0.02228260040283203,-0.6169676780700684,-0.0013959407806396484
74,2190,0.024764060974121094,-0.6144850254058838,0.0005481243133544922
75,2220,0.023585796356201172,-0.6156635284423828,-0.0011692047119140625
76,2250,0.031217336654663086,-0.6080152988433838,0.0059201717376708984
77,2280,0.026653289794921875,-0.6125948429107666,0.0007710456848144531
78,2310,0.024774789810180664,-0.6144671440124512,-0.0016651153564453125
79,2340,0.026711463928222656,-0.6125359535217285,-0.0002999305725097656
80,2370,0.028058290481567383,-0.6111924648284912,0.0005028247833251953
81,2400,0.027321815490722656,-0.6119282245635986,-0.0007965564727783203
82,2430,0.027439117431640625,-0.6118113994598389,-0.0012199878692626953
83,2460,0.029263734817504883,-0.6099886894226074,6.29425048828125e-05
84,2490,0.02994227409362793,-0.6093094348907471,0.00020074844360351562
85,2520,0.028690814971923828,-0.6105577945709229,-0.0015881061553955078
86,2550,0.02907538414001465,-0.610173225402832,-0.0017445087432861328
87,2580,0.03126192092895508,-0.6079907417297363,-0.00012755393981933594
88,2610,0.029520511627197266,-0.6097283363342285,-0.002429485321044922
89,2640,-1.1205673217773438e-05,-0.6086852550506592,-0.0002665519714355469
90,2670,0.0008609294891357422,-0.607806921005249,0.00010037422180175781
91,2700,0.0019037723541259766,-0.6067686080932617,0.0006029605865478516
92,2730,0.001901865005493164,-0.6067731380462646,8.416175842285156e-05
93,2760,0.0024094581604003906,-0.6062638759613037,5.888938903808594e-05
94,2790,0.00445103645324707,-0.6042213439941406,0.0015897750854492188
95,2820,0.002556324005126953,-0.6061170101165771,-0.0008177757263183594
96,2850,0.004446983337402344,-0.6042280197143555,0.0005588531494140625
97,2880,0.004869937896728516,-0.6038050651550293,0.0004715919494628906
98,2910,0.00799250602722168,-0.6006836891174316,0.003082275390625
99,2940,0.007912397384643555,-0.600761890411377,0.0024940967559814453
100,2970,0.008878946304321289,-0.5997955799102783,0.002925872802734375
101,3000,0.008733510971069336,-0.5999407768249512,0.002269268035888672
102,3030,0.0047991275787353516,-0.6038744449615479,-0.002174854278564453
103,3060,0.009839534759521484,-0.5988349914550781,0.002354145050048828
104,3090,0.01067209243774414,-0.59800124168396,0.0026786327362060547
105,3120,0.007959127426147461,-0.6007170677185059,-0.0005481243133544922
106,3150,0.010256290435791016,-0.5984194278717041,0.0012140274047851562
107,3180,0.011319398880004883,-0.5973560810089111,0.001766204833984375
108,3210,0.012561798095703125,-0.596113920211792,0.002496957778930664
109,3240,0.009786367416381836,-0.5988895893096924,-0.0007891654968261719
110,3270,0.011945486068725586,-0.5967280864715576,0.0008618831634521484
111,3300,0.01393580436706543,-0.5947401523590088,0.0023386478424072266
112,3330,0.013369560241699219,-0.5953013896942139,0.0012445449829101562
113,3360,0.013354778289794922,-0.5953209400177002,0.0006878376007080078
114,3390,0.015200376510620117,-0.5934758186340332,0.0020215511322021484
115,3420,0.014895439147949219,-0.5937762260437012,0.0012116432189941406
116,3450,0.014150857925415039,-0.5945253372192383,-7.200241088867188e-05
117,3480,0.016492605209350586,-0.5921833515167236,0.001734018325805664
118,3510,0.015223264694213867,-0.5934514999389648,-6.842613220214844e-05
119,3540,-0.002700328826904297,-0.5933346748352051,-0.003290414810180664
120,3570,-0.0024814605712890625,-0.5931179523468018,-0.003679990768432617
121,3600,0.0016109943389892578,-0.5890226364135742,-0.0001862049102783203
122,3630,-0.0008907318115234375,-0.5915184020996094,-0.003278970718383789
123,3660,0.0020422935485839844,-0.5885946750640869,-0.0009636878967285156
124,3690,0.002900838851928711,-0.5877361297607422,-0.0007071495056152344
125,3720,0.0031321048736572266,-0.5875048637390137,-0.0010781288146972656
126,3750,0.0027027130126953125,-0.5879349708557129,-0.0021102428436279297
127,3780,0.0017771720886230469,-0.588860034942627,-0.0036385059356689453
128,3810,0.004433631896972656,-0.5862026214599609,-0.0015838146209716797
129,3840,0.0042994022369384766,-0.586336612701416,-0.0023479461669921875
130,3870,0.0035965442657470703,-0.5870411396026611,-0.0036563873291015625
131,3900,0.006390094757080078,-0.5842413902282715,-0.0014574527740478516
132,3930,0.00020837783813476562,-0.5904257297515869,-0.008244991302490234
133,3960,0.007624149322509766,-0.583012580871582,-0.0014340877532958984
134,3990,0.005047798156738281,-0.5855882167816162,-0.0046122074127197266
135,4020,0.007540225982666016,-0.5830960273742676,-0.0027217864990234375
136,4050,0.008034467697143555,-0.5826027393341064,-0.002830982208251953
137,4080,0.006831169128417969,-0.5838055610656738,-0.004637241363525391
138,4110,0.007669687271118164,-0.5829663276672363,-0.004400968551635742
139,4140,0.010496377944946289,-0.5801403522491455,-0.0022056102752685547
140,4170,0.010588645935058594,-0.5800487995147705,-0.0027441978454589844
141,4200,0.011549949645996094,-0.5790870189666748,-0.002385377883911133
142,4230,0.012262821197509766,-0.5783731937408447,-0.002302885055541992
143,4260,0.012301921844482422,-0.5783348083496094,-0.0028667449951171875
144,4290,0.012537479400634766,-0.578099250793457,-0.0032339096069335938
145,4320,0.012897968292236328,-0.5777380466461182,-0.003475189208984375
146,4350,0.013216733932495117,-0.5774202346801758,-0.0037589073181152344
147,4380,0.008733272552490234,-0.5818996429443359,-0.008840084075927734
